no_pkk_inaportnet,no_pkk,arrive_date,vessel_name,gt,loa,company_name,name_process_code,name_branch,nomor_pkk,no_spb,waktu_spb,Periode_SPB
PKK.DN.IDSUB.2503.000357,000D13000078,2025-03-10T00:00:00.000Z,DOBONSOLO,14403,146.5,"PELAYARAN NASIONAL INDONESIA (PERSERO), PT",Realization,TANJUNG PERAK,PKK.DN.IDSUB.2503.000357,SPB.IDSUB.0325.0000350,2025-03-10 13:36:14,2025-03
PKK.DN.IDGRE.2503.000236,CH9013000109,2025-03-10T01:00:00.000Z,CIPTA HARAPAN 99,689,66.25,"MATSUURA INDONESIA JAYA, PT",Realization,TANJUNG PERAK,PKK.DN.IDGRE.2503.000236,SPB.IDGRE.0325.0000275,2025-03-10 09:35:12,2025-03
PKK.DN.IDSUB.2503.000314,MPK713000071,2025-03-08T18:00:00.000Z,PRATAMA MAS,3226,98.0,"MENTARI MAS MULTIMODA, PT",Billing Claim,TANJUNG PERAK,PKK.DN.IDSUB.2503.000314,SPB.IDSUB.0325.0000331,2025-03-09 19:32:25,2025-03
PKK.LN.IDSUB.2503.000311,EB7713000027,2025-03-09T12:00:00.000Z,EVER BALMY,33266,211.9,"EVERGREEN SHIPPING AGENCY INDONESIA, PT",Realization,TANJUNG PERAK,PKK.LN.IDSUB.2503.000311,SPB.IDSUB.0325.0000353,2025-03-10 15:20:34,2025-03
PKK.DN.IDSUB.2503.000303,IM0013000039,2025-03-09T01:00:00.000Z,IFAMA MAS,14120,155.0,"TEMAS SHIPPING, PT",Realization,TANJUNG PERAK,PKK.DN.IDSUB.2503.000303,SPB.IDSUB.0325.0000351,2025-03-10 13:48:35,2025-03
PKK.LN.IDGRE.2503.000215,NLOA13000002,2025-03-08T15:00:00.000Z,MT. BRILLANTE,22987,180.15,"BINTANG SAMUDERA ABADI LOGISTIK , PT",Realization,TANJUNG PERAK,PKK.LN.IDGRE.2503.000215,SPB.IDGRE.0325.0000266,2025-03-09 17:58:10,2025-03
PKK.DN.IDGRE.2410.000865,2OUL13000003,2024-10-29T16:00:00.000Z,SHANJAYA,800,58.5,"GARUDA UNGGUL NASIONAL, PT",Request PPKB,TANJUNG PERAK,PKK.DN.IDGRE.2410.000865,SPB.IDGRE.0325.0000225,2025-03-08 12:22:51,2025-03
PKK.DN.IDGRE.2410.000863,AJ8813000014,2024-10-29T16:00:00.000Z,ANNA JAYA,694,58.55,"GARUDA UNGGUL NASIONAL, PT",Request PPKB,TANJUNG PERAK,PKK.DN.IDGRE.2410.000863,SPB.IDGRE.0325.0000218,2025-03-08 07:49:27,2025-03
PKK.DN.IDSUB.2503.000269,CJIM13000085,2025-03-08T08:00:00.000Z,CARAKA JAYA III MULI ANIM,3258,98.0,"SALAM PACIFIC INDONESIA LINES, PT",Realization,TANJUNG PERAK,PKK.DN.IDSUB.2503.000269,SPB.IDSUB.0325.0000345,2025-03-10 07:05:51,2025-03
PKK.DN.IDSUB.2503.000256,ID2013000019,2025-03-07T19:00:00.000Z,INTAN DAYA 2,1998,85.95,"PELAYARAN CARAKA TIRTA PERKASA, PT",Realization,TANJUNG PERAK,PKK.DN.IDSUB.2503.000256,SPB.IDSUB.0325.0000352,2025-03-10 14:14:22,2025-03
PKK.DN.IDGRE.2503.000189,FY7L13000240,2025-03-07T09:00:00.000Z,PERSADA 2551,2280,78.0,"MATSUURA INDONESIA JAYA, PT",Realization,TANJUNG PERAK,PKK.DN.IDGRE.2503.000189,SPB.IDGRE.0325.0000280,2025-03-10 11:27:17,2025-03
PKK.LN.IDSUB.2503.000252,6PJ013000041,2025-03-07T16:55:00.000Z,MV. XIN TAI CANG,41482,263.23,GLOBAL SHIPPING INDONESIA,Realization,TANJUNG PERAK,PKK.LN.IDSUB.2503.000252,SPB.IDSUB.0325.0000342,2025-03-10 06:25:23,2025-03
PKK.DN.IDSUB.2503.000246,FJ0013000037,2025-03-08T05:16:19.000Z,FERIMAS JAYA,511,52.83,"INDOLINE INCOMEKITA, PT",Realization,TANJUNG PERAK,PKK.DN.IDSUB.2503.000246,SPB.IDSUB.0325.0000359,2025-03-10 16:45:29,2025-03
PKK.DN.IDSUB.2503.000231,MJ7313000058,2025-03-06T18:00:00.000Z,SEMANGAT MAS,2997,96.5,"MENTARI MAS MULTIMODA, PT",Billing Claim,TANJUNG PERAK,PKK.DN.IDSUB.2503.000231,SPB.IDSUB.0325.0000287,2025-03-08 20:33:14,2025-03
PKK.DN.IDSUB.2503.000226,S23913000070,2025-03-07T02:00:00.000Z,SEGORO MAS,2999,96.5,"MENTARI MAS MULTIMODA, PT",Billing Claim,TANJUNG PERAK,PKK.DN.IDSUB.2503.000226,SPB.IDSUB.0325.0000262,2025-03-08 06:59:37,2025-03
PKK.DN.IDSUB.2503.000178,666D13000045,2025-03-06T09:00:00.000Z,DERAJAT,2979,95.9,"SALAM PACIFIC INDONESIA LINES, PT",Billing Claim,TANJUNG PERAK,PKK.DN.IDSUB.2503.000178,SPB.IDSUB.0325.0000253,2025-03-07 22:43:29,2025-03
PKK.DN.IDSUB.2503.000173,MK3313000058,2025-03-05T18:00:00.000Z,MERATUS KELIMUTU,8203,128.84,"MERATUS LINE, PT",Realization,TANJUNG PERAK,PKK.DN.IDSUB.2503.000173,SPB.IDSUB.0325.0000360,2025-03-10 16:58:35,2025-03
PKK.DN.IDSUB.2503.000170,BJM013000042,2025-03-07T11:05:00.000Z,BERKAH JAYA MANDIRI,1232,71.2,"ENERGY MARINE INDONESIA, PT",Realization,TANJUNG PERAK,PKK.DN.IDSUB.2503.000170,SPB.IDSUB.0325.0000357,2025-03-10 16:23:40,2025-03
PKK.DN.IDSUB.2503.000133,MB0013000046,2025-03-05T06:00:00.000Z,MINAS BARU,5526,119.99,"SALAM PACIFIC INDONESIA LINES, PT",Realization,TANJUNG PERAK,PKK.DN.IDSUB.2503.000133,SPB.IDSUB.0325.0000225,2025-03-07 07:40:18,2025-03
PKK.DN.IDSUB.2503.000131,LG0013000055,2025-03-05T16:00:00.000Z,LUMOSO GEMBIRA,3668,106.68,"TANTO INTIM LINE, PT",Realization,TANJUNG PERAK,PKK.DN.IDSUB.2503.000131,SPB.IDSUB.0325.0000257,2025-03-07 22:47:30,2025-03
PKK.DN.IDSUB.2503.000126,PS0013000045,2025-03-04T20:00:00.000Z,PRATIWI SATU,2983,96.85,"SALAM PACIFIC INDONESIA LINES, PT",Billing Claim,TANJUNG PERAK,PKK.DN.IDSUB.2503.000126,SPB.IDSUB.0325.0000166,2025-03-05 20:03:59,2025-03
PKK.DN.IDGRE.2503.000099,SX2213000024,2025-03-04T23:00:00.000Z,SEROJA XX,2868,99.25,PT SEROJA JAYA AGENSI,Realization,TANJUNG PERAK,PKK.DN.IDGRE.2503.000099,SPB.IDGRE.0325.0000288,2025-03-10 12:33:33,2025-03
PKK.LN.IDGRE.2503.000032,MG6813000001,2025-03-02T03:00:00.000Z,MV MARO K,32287,189.99,"BAHARI LAJU ANUGERAH, PT",Realization,TANJUNG PERAK,PKK.LN.IDGRE.2503.000032,SPB.IDGRE.0325.0000273,2025-03-10 05:38:00,2025-03
PKK.DN.IDSUB.2503.000033,333L13000033,2025-03-02T08:00:00.000Z,LUZON,12027,157.13,"SALAM PACIFIC INDONESIA LINES, PT",Billing Claim,TANJUNG PERAK,PKK.DN.IDSUB.2503.000033,SPB.IDSUB.0325.0000165,2025-03-05 20:02:29,2025-03
PKK.DN.IDSUB.2503.000023,WMN313000006,2025-03-02T23:00:00.000Z,WAKATORA MARU NO. 3,792,55.52,"PERUSAHAAN PELAYARAN NUSANTARA SERAM JAYA LINES, PT",Realization,TANJUNG PERAK,PKK.DN.IDSUB.2503.000023,SPB.IDSUB.0325.0000271,2025-03-08 13:37:34,2025-03
PKK.DN.IDGRE.2503.000026,INBU13000007,2025-03-01T16:00:00.000Z,INTAN BIRU,2151,79.25,PT SEROJA JAYA AGENSI,Realization,TANJUNG PERAK,PKK.DN.IDGRE.2503.000026,SPB.IDGRE.0325.0000286,2025-03-10 12:32:59,2025-03
PKK.DN.IDSUB.2503.000020,R7UJ13000013,2025-03-02T11:00:00.000Z,GARUDA ATLANTIC 1,4589,99.5,"ANUGERAH TIRTA SAMUDRA, PT",Realization,TANJUNG PERAK,PKK.DN.IDSUB.2503.000020,SPB.IDSUB.0325.0000172,2025-03-05 21:01:05,2025-03
PKK.LN.IDGRE.2502.000781,MT6613000009,2025-03-01T05:00:00.000Z,MT. TRISTEN,5598,113.09,"SAHA MITRA SAMUDERA, PT",New,TANJUNG PERAK,PKK.LN.IDGRE.2502.000781,SPB.IDGRE.0325.0000040,2025-03-02 10:21:17,2025-03
PKK.DN.IDGRE.2502.000767,TZJ213000022,2025-02-28T16:00:00.000Z,ANGGADA.VI,1547,69.03,PT SEROJA JAYA AGENSI,Realization,TANJUNG PERAK,PKK.DN.IDGRE.2502.000767,SPB.IDGRE.0325.0000298,2025-03-10 17:10:37,2025-03
PKK.DN.IDSUB.2502.000980,9DQK13000002,2025-02-26T23:00:00.000Z,TAMEDA MARU NO. 3,743,65.8,"BARRU SAMUDERA TIMUR, PT",Realization,TANJUNG PERAK,PKK.DN.IDSUB.2502.000980,SPB.IDSUB.0325.0000083,2025-03-03 16:10:21,2025-03
PKK.LN.IDGRE.2502.000657,MHB213000001,2025-02-25T15:00:00.000Z,MV. HEILAN BROTHER,33456,189.99,"SERASI SHIPPING INDONESIA, PT",Realization,TANJUNG PERAK,PKK.LN.IDGRE.2502.000657,SPB.IDGRE.0325.0000296,2025-03-10 17:10:10,2025-03
PKK.DN.IDSUB.2502.000899,FCXZ13000005,2025-02-28T02:00:00.000Z,BUMI PALMA LIMA,2840,91.44,TANTA BAHARI PERKASA,Realization,TANJUNG PERAK,PKK.DN.IDSUB.2502.000899,SPB.IDSUB.0325.0000356,2025-03-10 16:22:41,2025-03
PKK.DN.IDGRE.2502.000582,UJ1213000009,2025-02-22T23:00:00.000Z,USJ XII,2650,76.25,PT SEROJA JAYA AGENSI,Realization,TANJUNG PERAK,PKK.DN.IDGRE.2502.000582,SPB.IDGRE.0325.0000292,2025-03-10 15:44:36,2025-03
PKK.DN.IDGRE.2502.000561,TSX113000020,2025-02-21T16:00:00.000Z,TIRTA SAMUDRA XXXVI,2272,89.59,PT SEROJA JAYA AGENSI,Realization,TANJUNG PERAK,PKK.DN.IDGRE.2502.000561,SPB.IDGRE.0325.0000209,2025-03-07 19:19:00,2025-03
PKK.DN.IDSUB.2502.000750,RL4413000016,2025-02-21T15:00:00.000Z,RUGUN LATA,4275,110.0,"ANUGERAH TIRTA SAMUDRA, PT",Realization,TANJUNG PERAK,PKK.DN.IDSUB.2502.000750,SPB.IDSUB.0325.0000349,2025-03-10 13:05:27,2025-03
PKK.DN.IDGRE.2502.000555,HXGG13000014,2025-02-20T16:00:00.000Z,SUMBER KENCANA VI,1493,64.01,"GRESIK TRANS LOGISTIK, PT",Realization,TANJUNG PERAK,PKK.DN.IDGRE.2502.000555,SPB.IDGRE.0325.0000289,2025-03-10 13:34:29,2025-03
PKK.DN.IDGRE.2502.000543,UHG813000010,2025-02-20T16:00:00.000Z,LESTARI 3006,3080,91.44,TANTA BAHARI PERKASA,Realization,TANJUNG PERAK,PKK.DN.IDGRE.2502.000543,SPB.IDGRE.0325.0000295,2025-03-10 17:09:36,2025-03
PKK.LN.IDSUB.2502.000713,8AS213000030,2025-02-21T00:00:00.000Z,SCION MAFALDA,9932,147.9,"CONTAINER MARITIME ACTIVITIES, PT",Realization,TANJUNG PERAK,PKK.LN.IDSUB.2502.000713,SPB.IDSUB.0225.0000814,2025-02-22 17:01:50,2025-02
PKK.LN.IDGRE.2502.000487,PH3613000001,2025-02-16T23:00:00.000Z,MV. MINH ANH 11,2998,91.0,PT SEROJA JAYA AGENSI,Realization,TANJUNG PERAK,PKK.LN.IDGRE.2502.000487,SPB.IDGRE.0325.0000228,2025-03-08 12:37:08,2025-03
PKK.LN.IDSUB.2501.000951,MEA513000002,2025-01-28T01:00:00.000Z,MV. EQUINOX AGNANDOUSSA,33232,197.0,"BAHARI LAJU ANUGERAH, PT",Request PPKB,TANJUNG PERAK,PKK.LN.IDSUB.2501.000951,SPB.IDSUB.0225.0000174,2025-02-06 11:40:08,2025-02
PKK.DN.IDGRE.2502.000267,TH2813000002,2025-02-17T16:00:00.000Z,TGH 2518,2212,76.25,PT. ELEANOR PRADANA SHIPPING,New,TANJUNG PERAK,PKK.DN.IDGRE.2502.000267,SPB.IDGRE.0225.0000579,2025-02-21 17:41:28,2025-02
PKK.DN.IDSUB.2502.000383,MLP213000001,2025-02-13T01:00:00.000Z,MULTINDO LP 102,1984,76.2,"QUANTA INTI MANDIRI, PT",Realization,TANJUNG PERAK,PKK.DN.IDSUB.2502.000383,SPB.IDSUB.0325.0000164,2025-03-05 17:46:20,2025-03
PKK.DN.IDGRE.2502.000242,1F6E13000001,2025-02-15T16:00:00.000Z,LIUS XXI,2231,82.3,PT. ELEANOR PRADANA SHIPPING,New,TANJUNG PERAK,PKK.DN.IDGRE.2502.000242,SPB.IDGRE.0225.0000756,2025-02-28 00:31:46,2025-02
PKK.LN.IDSUB.2501.000806,MTF413000001,2025-01-25T09:00:00.000Z,MV. TRI FRIEND,7141,110.0,LAUTAN LUAS MARITIM,Request PPKB,TANJUNG PERAK,PKK.LN.IDSUB.2501.000806,SPB.IDSUB.0225.0000286,2025-02-09 16:31:01,2025-02
PKK.DN.IDGRE.2502.000203,JMV113000017,2025-02-08T16:00:00.000Z,JUNEYAO MARU V,2288,88.28,PT SEROJA JAYA AGENSI,Realization,TANJUNG PERAK,PKK.DN.IDGRE.2502.000203,SPB.IDGRE.0325.0000287,2025-03-10 12:33:16,2025-03
PKK.DN.IDSUB.2502.000254,SN1413000009,2025-02-08T01:00:00.000Z,SINAR NUSANTARA 11,797,54.6,"PERUSAHAAN PELAYARAN SATYA PERMAI, PT",Realization,TANJUNG PERAK,PKK.DN.IDSUB.2502.000254,SPB.IDSUB.0325.0000144,2025-03-05 06:07:53,2025-03
PKK.DN.IDGRE.2502.000137,PWRT13000002,2025-02-06T16:00:00.000Z,LL 2522,1975,76.2,PT. MUTIARA ATLANTIK JAWADWIPA,Request PPKB,TANJUNG PERAK,PKK.DN.IDGRE.2502.000137,SPB.IDGRE.0225.0000546,2025-02-20 21:05:17,2025-02
PKK.DN.IDSUB.2502.000121,AP4413000018,2025-02-07T05:00:00.000Z,ASIA PIONERR,726,48.0,"KARSA UTAMA LINE, PT",Realization,TANJUNG PERAK,PKK.DN.IDSUB.2502.000121,SPB.IDSUB.0225.0000927,2025-02-25 17:30:24,2025-02
PKK.DN.IDSUB.2502.000079,KMI013000006,2025-02-03T19:00:00.000Z,KAISEI MARU I,672,57.15,"PERUSAHAAN PELAYARAN NUSANTARA SERAM JAYA LINES, PT",Realization,TANJUNG PERAK,PKK.DN.IDSUB.2502.000079,SPB.IDSUB.0225.0000955,2025-02-26 16:06:43,2025-02
PKK.DN.IDGRE.2502.000028,CMA113000014,2025-02-11T01:00:00.000Z,SUMBER NABATI,1790,76.2,ARMADA ANAK LAUT,Realization,TANJUNG PERAK,PKK.DN.IDGRE.2502.000028,SPB.IDGRE.0325.0000036,2025-03-01 22:45:08,2025-03
PKK.DN.IDGRE.2502.000012,Y00013000012,2025-02-02T23:00:00.000Z,YK 01,1846,84.0,"CITRABARU ADINUSANTARA, PT",Realization,TANJUNG PERAK,PKK.DN.IDGRE.2502.000012,SPB.IDGRE.0325.0000116,2025-03-04 21:20:24,2025-03
PKK.DN.IDSUB.2501.001093,K13313000017,2025-02-02T13:00:00.000Z,KALIMAS 1,557,51.14,"BUMI INDAH LINES, PT",Realization,TANJUNG PERAK,PKK.DN.IDSUB.2501.001093,SPB.IDSUB.0225.0000931,2025-02-25 18:46:43,2025-02
PKK.DN.IDSUB.2501.001078,KLS913000004,2025-01-30T11:00:00.000Z,KLS 9,3347,91.44,"PERUSAHAAN PELAYARAN NASIONAL BAHTERA SETIA, PT",Realization,TANJUNG PERAK,PKK.DN.IDSUB.2501.001078,SPB.IDSUB.0225.0000443,2025-02-13 11:57:25,2025-02
PKK.DN.IDSUB.2501.001068,TB5513000032,2025-02-01T10:00:00.000Z,Tanto Bagus,7091,126.4,"TANTO INTIM LINE, PT",Realization,TANJUNG PERAK,PKK.DN.IDSUB.2501.001068,SPB.IDSUB.0225.0000497,2025-02-14 15:21:26,2025-02
PKK.DN.IDGRE.2501.000778,8O5D13000002,2025-02-02T16:00:00.000Z,SG 2738,2528,82.3,PT. ELEANOR PRADANA SHIPPING,New,TANJUNG PERAK,PKK.DN.IDGRE.2501.000778,SPB.IDGRE.0225.0000364,2025-02-14 20:26:56,2025-02
PKK.DN.IDSUB.2501.000981,AJ3313000004,2025-01-27T23:00:00.000Z,AHMAD JABBAR,686,63.0,"PELAYARAN HUB MARITIM INDONESIA, PT",Realization,TANJUNG PERAK,PKK.DN.IDSUB.2501.000981,SPB.IDSUB.0125.0001060,2025-01-31 16:30:17,2025-01
PKK.DN.IDGRE.2501.000714,TG0513000001,2025-01-30T16:00:00.000Z,TGH 2505,2211,76.25,PT. ELEANOR PRADANA SHIPPING,New,TANJUNG PERAK,PKK.DN.IDGRE.2501.000714,SPB.IDGRE.0225.0000483,2025-02-18 20:26:22,2025-02
PKK.DN.IDSUB.2501.000940,CJ2213000005,2025-01-27T07:00:00.000Z,CAHAYA JAYA,776,68.7,"BERKAH TATA BARUNA, PT",NOTA BATAL,TANJUNG PERAK,PKK.DN.IDSUB.2501.000940,SPB.IDSUB.0225.0000621,2025-02-17 21:01:26,2025-02
PKK.DN.IDSUB.2501.000936,AG1513000013,2025-01-28T14:00:00.000Z,AS GLORY 15,2880,81.6,"ANUGERAH TIRTA SAMUDRA, PT",Realization,TANJUNG PERAK,PKK.DN.IDSUB.2501.000936,SPB.IDSUB.0225.0000245,2025-02-08 13:54:36,2025-02
PKK.DN.IDSUB.2501.000753,CS4413000006,2025-01-24T15:00:00.000Z,CAHAYA SENJA,920,53.7,"SUMBA HARAPAN, PT",Request PPKB,TANJUNG PERAK,PKK.DN.IDSUB.2501.000753,SPB.IDSUB.0325.0000344,2025-03-10 06:40:17,2025-03
PKK.DN.IDSUB.2501.000732,M09213000008,2025-01-22T01:00:00.000Z,MITRA ABADI-II,612,49.65,"MITRA ABADI WISESA, PT",Realization,TANJUNG PERAK,PKK.DN.IDSUB.2501.000732,SPB.IDSUB.0225.0000907,2025-02-25 06:02:16,2025-02
PKK.DN.IDSUB.2501.000665,D02213000020,2025-01-19T05:00:00.000Z,DAN 03,531,53.52,"JAYADI SAMUDERA LINES, PT",Realization,TANJUNG PERAK,PKK.DN.IDSUB.2501.000665,SPB.IDSUB.0225.0000446,2025-02-13 14:30:45,2025-02
PKK.DN.IDGRE.2501.000469,5WGV13000001,2025-01-20T01:00:00.000Z,SENO HIDAYAT VII,2198,82.3,PT. ELEANOR PRADANA SHIPPING,New,TANJUNG PERAK,PKK.DN.IDGRE.2501.000469,SPB.IDGRE.0225.0000073,2025-02-04 17:40:51,2025-02
PKK.DN.IDGRE.2501.000423,RB2213000008,2025-01-20T01:00:00.000Z,REZEKI BERSAMA,2299,82.64,ARMADA ANAK LAUT,Realization,TANJUNG PERAK,PKK.DN.IDGRE.2501.000423,SPB.IDGRE.0225.0000060,2025-02-04 07:38:40,2025-02
PKK.DN.IDSUB.2501.000454,PK3313000004,2025-01-15T01:00:00.000Z,PUTRA KUSUMA,651,55.5,"LINTAS SERAM MANDIRI, PT",Realization,TANJUNG PERAK,PKK.DN.IDSUB.2501.000454,SPB.IDSUB.0225.0001063,2025-02-28 19:08:45,2025-02
PKK.DN.IDGRE.2501.000324,ME0813000003,2025-01-12T23:00:00.000Z,MELEDANG 108,1595,70.1,PT. WIJAYA MARITIM AGENSI,Realization,TANJUNG PERAK,PKK.DN.IDGRE.2501.000324,SPB.IDGRE.0125.0000432,2025-01-17 17:27:25,2025-01
PKK.DN.IDGRE.2501.000320,ENTA13000001,2025-01-12T16:00:00.000Z,ENTRADA 2501,2012,76.2,"GLOBAL LOGISTIK AGENSI, PT",New,TANJUNG PERAK,PKK.DN.IDGRE.2501.000320,SPB.IDGRE.0125.0000615,2025-01-22 21:39:46,2025-01
PKK.DN.IDSUB.2501.000261,PI3313000016,2025-01-12T05:00:00.000Z,PERMATA INDAH,717,53.35,"BUMI INDAH LINES, PT",Realization,TANJUNG PERAK,PKK.DN.IDSUB.2501.000261,SPB.IDSUB.0225.0000765,2025-02-21 06:27:42,2025-02
PKK.DN.IDSUB.2501.000237,PN1413000009,2025-01-09T05:00:00.000Z,PELITA NUSANTARA 12,1371,65.0,"PERUSAHAAN PELAYARAN SATYA PERMAI, PT",Realization,TANJUNG PERAK,PKK.DN.IDSUB.2501.000237,SPB.IDSUB.0125.0001067,2025-01-31 18:00:03,2025-01
PKK.DN.IDGRE.2501.000174,XJHP13000003,2025-01-08T06:00:00.000Z,PRIMA BAHARI XIII,1344,70.1,"PERUSAHAAN PELAYARAN NASIONAL BAHTERA SETIA, PT",Realization,TANJUNG PERAK,PKK.DN.IDGRE.2501.000174,SPB.IDGRE.0325.0000170,2025-03-06 16:04:53,2025-03
PKK.DN.IDGRE.2501.000095,BT1N13000001,2025-01-06T01:00:00.000Z,TNL 2501,2026,76.2,PT. ELEANOR PRADANA SHIPPING,New,TANJUNG PERAK,PKK.DN.IDGRE.2501.000095,SPB.IDGRE.0125.0000445,2025-01-17 21:53:24,2025-01
PKK.DN.IDSUB.2501.000136,PSS113000001,2025-01-06T01:00:00.000Z,PACIFIC SAMUDERA SATU,694,56.0,"CITRABARU ADINUSANTARA, PT",Realization,TANJUNG PERAK,PKK.DN.IDSUB.2501.000136,SPB.IDSUB.0325.0000111,2025-03-04 15:45:58,2025-03
PKK.DN.IDGRE.2412.000398,P01513000001,2024-12-16T11:00:00.000Z,PSB 3015,3418,91.44,"HARAPAN CIPTA PERKASA, PT",Request PPKB,TANJUNG PERAK,PKK.DN.IDGRE.2412.000398,SPB.IDGRE.1224.0000717,2024-12-28 11:51:27,2024-12
PKK.DN.IDGRE.2501.000062,OQK913000001,2025-01-03T16:00:00.000Z,SINAR KINTAMANI,40040,225.0,"GEMILANG SAMUDRA MAKMUR, PT",Request PPKB,TANJUNG PERAK,PKK.DN.IDGRE.2501.000062,SPB.IDGRE.0125.0000091,2025-01-04 21:47:37,2025-01
PKK.DN.IDSUB.2501.000084,V97X13000005,2025-01-06T01:00:00.000Z,GOLDEN PERMAI,31345,189.99,"GOLDEN OCEAN LINE, PT",Request PPKB,TANJUNG PERAK,PKK.DN.IDSUB.2501.000084,SPB.IDSUB.0125.0000175,2025-01-06 16:27:52,2025-01
PKK.DN.IDGRE.2501.000041,B35R13000005,2025-01-25T06:00:00.000Z,RONMAS 69,1972,76.2,"PERUSAHAAN PELAYARAN NASIONAL BAHTERA SETIA, PT",Realization,TANJUNG PERAK,PKK.DN.IDGRE.2501.000041,SPB.IDGRE.0325.0000283,2025-03-10 12:16:15,2025-03
PKK.DN.IDSUB.2501.000040,KN5013000012,2025-01-03T13:00:00.000Z,KENDHAGA NUSANTARA 5,2195,74.3,"DJAKARTA LLOYD, PT",Realization,TANJUNG PERAK,PKK.DN.IDSUB.2501.000040,SPB.IDSUB.0225.0000752,2025-02-20 20:06:51,2025-02
PKK.DN.IDSUB.2412.001087,MPI313000010,2024-12-30T16:00:00.000Z,MEGAH PRATAMA II,670,54.42,"ANUGERAH TIRTA SAMUDRA, PT",Realization,TANJUNG PERAK,PKK.DN.IDSUB.2412.001087,SPB.IDSUB.0125.0000551,2025-01-17 11:18:47,2025-01
PKK.DN.IDSUB.2412.001043,222V13000010,2025-01-01T16:00:00.000Z,VELOCITY,680,58.2,"PRIMA SEJAHTERA LINES, PT",Realization,TANJUNG PERAK,PKK.DN.IDSUB.2412.001043,SPB.IDSUB.0125.0000822,2025-01-24 14:54:31,2025-01
PKK.DN.IDSUB.2412.001036,666K13000016,2024-12-30T11:00:00.000Z,KONAWE,714,56.35,"BUMI INDAH LINES, PT",Realization,TANJUNG PERAK,PKK.DN.IDSUB.2412.001036,SPB.IDSUB.0225.0000930,2025-02-25 18:40:46,2025-02
PKK.DN.IDSUB.2412.000961,B02513000023,2024-12-29T13:00:00.000Z,BEDJO MARU,597,53.85,PERUSAHAAN PELAYARAN MULIAKAWAN SEJATI,Realization,TANJUNG PERAK,PKK.DN.IDSUB.2412.000961,SPB.IDSUB.0225.0000924,2025-02-25 16:51:10,2025-02
PKK.DN.IDSUB.2412.000939,A21O13000001,2024-12-29T16:00:00.000Z,BORNEO DAMAI,2670,66.7,"MAF EZA SAMUDRA, PT",Realization,TANJUNG PERAK,PKK.DN.IDSUB.2412.000939,SPB.IDSUB.0325.0000293,2025-03-08 22:13:26,2025-03
PKK.DN.IDSUB.2412.000883,P80013000013,2024-12-27T16:00:00.000Z,PASADENA 8,658,58.81,"SAMUDRA INTIM PERKASA, PT",Realization,TANJUNG PERAK,PKK.DN.IDSUB.2412.000883,SPB.IDSUB.0125.0001072,2025-01-31 18:45:14,2025-01
PKK.DN.IDSUB.2412.000871,SI6613000013,2024-12-27T11:00:00.000Z,SHELLY INDAH,685,57.08,"BUMI INDAH LINES, PT",Realization,TANJUNG PERAK,PKK.DN.IDSUB.2412.000871,SPB.IDSUB.0125.0000892,2025-01-26 11:25:25,2025-01
PKK.DN.IDSUB.2407.000622,POX213000056,2024-07-17T08:00:00.000Z,PETRO OCEAN XXVI,732,64.55,"LANDASINDO SAHU BARUNA JAYA, PT",Realization,TANJUNG PERAK,PKK.DN.IDSUB.2407.000622,SPB.IDSUB.0225.0000975,2025-02-26 22:08:27,2025-02
PKK.DN.IDSUB.2412.000821,101N13000010,2024-12-28T16:00:00.000Z,NIGATA,646,55.4,"GLOBAL EKPRES LINES, PT",Realization,TANJUNG PERAK,PKK.DN.IDSUB.2412.000821,SPB.IDSUB.0225.0000187,2025-02-06 20:45:59,2025-02
PKK.DN.IDSUB.2412.000717,343K13000008,2024-12-23T01:00:00.000Z,KINEI,720,58.5,PT. SAMUDRA NUSANTARA MAJU,Realization,TANJUNG PERAK,PKK.DN.IDSUB.2412.000717,SPB.IDSUB.0225.0000956,2025-02-26 16:16:10,2025-02
PKK.DN.IDGRE.2412.000463,LO1913000001,2024-12-18T18:00:00.000Z,LONGKHE - 19,2029,76.25,"ANUGERAH BERKAT MULTISERVICE, PT",Realization,TANJUNG PERAK,PKK.DN.IDGRE.2412.000463,SPB.IDGRE.0125.0000422,2025-01-17 14:53:07,2025-01
PKK.DN.IDSUB.2412.000598,M50713000004,2024-12-18T01:00:00.000Z,MITRA CAHAYA,643,58.85,"MITRA ABADI WISESA, PT",Realization,TANJUNG PERAK,PKK.DN.IDSUB.2412.000598,SPB.IDSUB.0125.0000890,2025-01-26 07:29:24,2025-01
PKK.DN.IDGRE.2412.000238,XYY913000001,2024-12-12T16:00:00.000Z,LIUS XIX,3197,91.5,PT SARANA SURYA SEGARA,Realization,TANJUNG PERAK,PKK.DN.IDGRE.2412.000238,SPB.IDGRE.1224.0000610,2024-12-24 13:59:52,2024-12
PKK.DN.IDSUB.2412.000485,IN0013000010,2024-12-17T15:00:00.000Z,IS NO 5,669,57.91,PT. BAHTERA TURANGGA JAYA,Realization,TANJUNG PERAK,PKK.DN.IDSUB.2412.000485,SPB.IDSUB.0125.0000172,2025-01-06 15:54:36,2025-01
PKK.DN.IDGRE.2412.000028,Q4LD13000001,2024-12-02T05:00:00.000Z,STAR MARINE 2563,2222,76.2,"SERUNTING SRIWIJAYA, PT",New,TANJUNG PERAK,PKK.DN.IDGRE.2412.000028,SPB.IDGRE.1224.0000210,2024-12-09 18:07:31,2024-12
PKK.DN.IDGRE.2411.000833,E11113000003,2024-11-28T11:00:00.000Z,ETZOMER 1601,3050,78.3,"PELAYARAN TIARA PERDANA, PT",Request PPKB,TANJUNG PERAK,PKK.DN.IDGRE.2411.000833,SPB.IDGRE.1124.0000853,2024-11-29 10:41:56,2024-11
PKK.LN.IDSUB.2411.001108,KOQ213000006,2024-11-29T13:00:00.000Z,EVER CHAMP,18747,172.0,"EVERGREEN SHIPPING AGENCY INDONESIA, PT",Realization,TANJUNG PERAK,PKK.LN.IDSUB.2411.001108,SPB.IDSUB.1124.0001147,2024-11-30 12:52:56,2024-11
PKK.DN.IDSUB.2411.001031,D02213000019,2024-11-26T11:00:00.000Z,DAN 03,531,53.52,"JAYADI SAMUDERA LINES, PT",Realization,TANJUNG PERAK,PKK.DN.IDSUB.2411.001031,SPB.IDSUB.0125.0000521,2025-01-16 15:40:44,2025-01
PKK.DN.IDSUB.2411.000921,KU0013000006,2024-11-25T14:00:00.000Z,KALIMAS UTAMA,526,49.95,"CITRABARU ADINUSANTARA, PT",Realization,TANJUNG PERAK,PKK.DN.IDSUB.2411.000921,SPB.IDSUB.0125.0000110,2025-01-04 17:11:14,2025-01
PKK.DN.IDGRE.2411.000612,AC5513000002,2024-11-21T16:00:00.000Z,ACHILLES CAESAR,1513,77.3,TANTA BAHARI PERKASA,New,TANJUNG PERAK,PKK.DN.IDGRE.2411.000612,SPB.IDGRE.1124.0000864,2024-11-29 14:23:38,2024-11
PKK.LN.IDGRE.2410.000780,MX6113000001,2024-10-29T05:00:00.000Z,MV. SOPHIA OCEAN,18036,170.0,"SERASI SHIPPING INDONESIA, PT",Request PPKB,TANJUNG PERAK,PKK.LN.IDGRE.2410.000780,SPB.IDGRE.1124.0000198,2024-11-07 21:18:53,2024-11
PKK.DN.IDSUB.2411.000549,E19213000005,2024-11-18T15:00:00.000Z,ELSHADAI 1,655,48.77,"BINTANG PELITA SAMUDERA, PT",Realization,TANJUNG PERAK,PKK.DN.IDSUB.2411.000549,SPB.IDSUB.0125.0000104,2025-01-04 13:11:06,2025-01
PKK.DN.IDGRE.2411.000370,MANO13000003,2024-11-13T07:00:00.000Z,MANOGIHON,2220,70.1,"BERKAH TATA BARUNA, PT",New,TANJUNG PERAK,PKK.DN.IDGRE.2411.000370,SPB.IDGRE.1124.0000409,2024-11-14 12:29:37,2024-11
PKK.DN.IDGRE.2409.000244,E2X013000001,2024-09-11T17:00:00.000Z,NOLOWATI III,7361,131.4,"BAHARI DHARMA NUSANTARA, PT",Request PPKB,TANJUNG PERAK,PKK.DN.IDGRE.2409.000244,SPB.IDGRE.1124.0000790,2024-11-27 07:36:57,2024-11
PKK.DN.IDGRE.2410.000742,S21613000008,2024-11-01T06:00:00.000Z,SERENITY - 09,3161,92.7,"PERUSAHAAN PELAYARAN NASIONAL BAHTERA SETIA, PT",New,TANJUNG PERAK,PKK.DN.IDGRE.2410.000742,SPB.IDGRE.1124.0000149,2024-11-06 12:59:25,2024-11
PKK.DN.IDGRE.2410.000313,SA0013000006,2024-10-10T07:00:00.000Z,SINAR AGRA,7687,116.5,"SAMUDERA ENERGI TANGGUH, PT",Request PPKB,TANJUNG PERAK,PKK.DN.IDGRE.2410.000313,SPB.IDGRE.1024.0000327,2024-10-11 00:44:55,2024-10
PKK.DN.IDSUB.2409.001086,000E13000003,2024-09-30T16:51:52.000Z,ELVIRA,1036,71.91,"INDOLINE INCOMEKITA, PT",Realization,TANJUNG PERAK,PKK.DN.IDSUB.2409.001086,SPB.IDSUB.0125.0000700,2025-01-21 13:56:15,2025-01
PKK.DN.IDSUB.2409.000756,PNYA13000005,2024-09-20T23:00:00.000Z,KEYLA 05,844,66.98,"KARTIKA JASA KARYA, PT",Request PPKB,TANJUNG PERAK,PKK.DN.IDSUB.2409.000756,SPB.IDSUB.0924.0000978,2024-09-26 10:45:25,2024-09
PKK.DN.IDGRE.2409.000549,PE8G13000005,2024-09-20T17:00:00.000Z,PEGASUS 8,3082,87.78,PT. MUTIARA ATLANTIK JAWADWIPA,Request PPKB,TANJUNG PERAK,PKK.DN.IDGRE.2409.000549,SPB.IDGRE.0924.0000793,2024-09-29 07:42:02,2024-09
PKK.DN.IDGRE.2409.000244,E2X013000001,2024-09-11T17:00:00.000Z,NOLOWATI III,7361,131.4,"BAHARI DHARMA NUSANTARA, PT",Request PPKB,TANJUNG PERAK,PKK.DN.IDGRE.2409.000244,SPB.IDGRE.1124.0000790,2024-11-27 07:36:57,2024-11
PKK.DN.IDGRE.2409.000244,E2X013000001,2024-09-11T17:00:00.000Z,NOLOWATI III,7361,131.4,"BAHARI DHARMA NUSANTARA, PT",Request PPKB,TANJUNG PERAK,PKK.DN.IDGRE.2409.000244,SPB.IDGRE.1124.0000790,2024-11-27 07:36:57,2024-11
PKK.DN.IDSUB.2408.000370,DT1113000010,2024-08-10T12:00:00.000Z,DAWI TANKER,801,62.2,"JAYADI SAMUDERA LINES, PT",Request PPKB,TANJUNG PERAK,PKK.DN.IDSUB.2408.000370,SPB.IDSUB.0924.0000358,2024-09-10 18:00:09,2024-09
PKK.DN.IDGRE.2404.000614,S59213000014,2024-04-30T01:00:00.000Z,SRIKANDI 515,2177,88.28,PT.TRANS MARITIM AGENSI,New,TANJUNG PERAK,PKK.DN.IDGRE.2404.000614,SPB.IDGRE.1024.0000341,2024-10-11 19:32:49,2024-10
PKK.DN.IDGRE.2408.000724,55FL13000001,2024-08-31T15:00:00.000Z,NADIA 5,3254,91.44,PT. SRINUR SHIPPING AGENCY,New,TANJUNG PERAK,PKK.DN.IDGRE.2408.000724,SPB.IDGRE.0924.0000079,2024-09-03 21:06:41,2024-09
PKK.DN.IDGRE.2408.000444,FXNJ13000001,2024-08-24T15:00:00.000Z,SARANA MARINE 14,3109,91.44,PT. SRINUR SHIPPING AGENCY,New,TANJUNG PERAK,PKK.DN.IDGRE.2408.000444,SPB.IDGRE.0824.0000798,2024-08-30 15:58:07,2024-08
PKK.DN.IDSUB.2408.000653,PF0013000042,2024-08-18T23:00:00.000Z,PEKAN FAJAR,4324,113.8,"SALAM PACIFIC INDONESIA LINES, PT",NOTA BATAL,TANJUNG PERAK,PKK.DN.IDSUB.2408.000653,SPB.IDSUB.0824.0000745,2024-08-20 23:22:47,2024-08
PKK.DN.IDGRE.2408.000269,O3DU13000001,2024-08-14T15:00:00.000Z,INDAH ABADI 2,3388,100.58,PT. SRINUR SHIPPING AGENCY,New,TANJUNG PERAK,PKK.DN.IDGRE.2408.000269,SPB.IDGRE.0824.0000425,2024-08-17 17:35:51,2024-08
PKK.DN.IDGRE.2408.000099,AP9913000001,2024-08-06T14:00:00.000Z,APURA 099,3578,94.49,PT. SRINUR SHIPPING AGENCY,New,TANJUNG PERAK,PKK.DN.IDGRE.2408.000099,SPB.IDGRE.0824.0000326,2024-08-13 14:00:36,2024-08
PKK.DN.IDGRE.2408.000075,A0ID13000001,2024-08-04T05:00:00.000Z,TONASA LINES XXIV,3117,91.44,"GLOBAL LOGISTIK AGENSI, PT",New,TANJUNG PERAK,PKK.DN.IDGRE.2408.000075,SPB.IDGRE.0824.0000229,2024-08-10 09:24:11,2024-08
PKK.LN.IDGRE.2408.000042,6QFM13000001,2024-08-06T05:00:00.000Z,SINOOCEAN PEACE,15262,67.57,"PELAYARAN TIARA PERDANA, PT",Request PPKB,TANJUNG PERAK,PKK.LN.IDGRE.2408.000042,SPB.IDGRE.1124.0000852,2024-11-29 10:41:41,2024-11
PKK.DN.IDGRE.2408.000041,3EZA13000003,2024-08-06T05:00:00.000Z,ROYAL REY 7,2765,69.6,"PELAYARAN TIARA PERDANA, PT",New,TANJUNG PERAK,PKK.DN.IDGRE.2408.000041,SPB.IDGRE.0824.0000176,2024-08-08 10:52:16,2024-08
PKK.DN.IDGRE.2407.000712,POS813000001,2024-07-30T05:00:00.000Z,POSEIDON 08,2099,76.2,"GLOBAL LOGISTIK AGENSI, PT",New,TANJUNG PERAK,PKK.DN.IDGRE.2407.000712,SPB.IDGRE.0824.0000095,2024-08-05 13:57:20,2024-08
PKK.DN.IDGRE.2407.000703,TH2813000001,2024-07-31T09:00:00.000Z,TGH 2518,2212,76.25,PT. SRINUR SHIPPING AGENCY,New,TANJUNG PERAK,PKK.DN.IDGRE.2407.000703,SPB.IDGRE.0824.0000093,2024-08-04 21:34:16,2024-08
PKK.LN.IDGRE.2407.000534,AA2913000001,2024-07-26T11:00:00.000Z,MT. PERLA,4374,108.0,"SAHA MITRA SAMUDERA, PT",New,TANJUNG PERAK,PKK.LN.IDGRE.2407.000534,SPB.IDGRE.0724.0000618,2024-07-26 18:45:08,2024-07
PKK.DN.IDGRE.2407.000525,272613000002,2024-07-22T16:00:00.000Z,SUMBER JAYA 2726,2458,79.01,"GLOBAL LOGISTIK AGENSI, PT",New,TANJUNG PERAK,PKK.DN.IDGRE.2407.000525,SPB.IDGRE.0724.0000580,2024-07-25 00:32:06,2024-07
PKK.DN.IDGRE.2407.000375,M72313000002,2024-07-17T05:00:00.000Z,MARINE POWER 2723,2252,82.3,"GLOBAL LOGISTIK AGENSI, PT",New,TANJUNG PERAK,PKK.DN.IDGRE.2407.000375,SPB.IDGRE.0724.0000434,2024-07-19 22:01:33,2024-07
PKK.DN.IDSUB.2407.000622,POX213000056,2024-07-17T08:00:00.000Z,PETRO OCEAN XXVI,732,64.55,"BAHANA LINE, PT",Realization,TANJUNG PERAK,PKK.DN.IDSUB.2407.000622,SPB.IDSUB.0225.0000975,2025-02-26 22:08:27,2025-02
PKK.LN.IDSUB.2406.001129,7LTY13000001,2024-07-01T16:00:00.000Z,HENG SHENG 67,3727,105.13,"DAMAI LAUTAN NUSANTARA, PT",Realization,TANJUNG PERAK,PKK.LN.IDSUB.2406.001129,SPB.IDSUB.0125.0000771,2025-01-23 06:47:40,2025-01
PKK.DN.IDSUB.2406.000806,DT1113000007,2024-06-21T11:00:00.000Z,DAWI TANKER,801,62.2,"JAYADI SAMUDERA LINES, PT",Request PPKB,TANJUNG PERAK,PKK.DN.IDSUB.2406.000806,SPB.IDSUB.0624.0001080,2024-06-28 21:06:11,2024-06
PKK.DN.IDGRE.2406.000675,BMPR13000002,2024-06-27T11:00:00.000Z,BAHTERA MAJU PERDANA,943,65.0,"GLOBAL LOGISTIK AGENSI, PT",New,TANJUNG PERAK,PKK.DN.IDGRE.2406.000675,SPB.IDGRE.0724.0000043,2024-07-02 19:57:13,2024-07
PKK.DN.IDGRE.2406.000215,13CU13000007,2024-06-11T16:00:00.000Z,ETZOMER 504,1706,56.54,PT. RANS PRIMA MARITIM,New,TANJUNG PERAK,PKK.DN.IDGRE.2406.000215,SPB.IDGRE.0624.0000465,2024-06-21 19:10:11,2024-06
PKK.DN.IDGRE.2406.000379,BRO113000004,2024-06-16T16:00:00.000Z,BORNEO 3001,3153,91.5,"RIANDY FIESTA SAMUDERA, PT",New,TANJUNG PERAK,PKK.DN.IDGRE.2406.000379,SPB.IDGRE.0624.0000425,2024-06-19 20:40:49,2024-06
PKK.DN.IDGRE.2405.000075,3EZA13000002,2024-05-04T05:00:00.000Z,ROYAL REY 7,2765,69.6,"PELAYARAN TIARA PERDANA, PT",Request PPKB,TANJUNG PERAK,PKK.DN.IDGRE.2405.000075,SPB.IDGRE.0524.0000200,2024-05-08 01:25:07,2024-05
PKK.DN.IDGRE.2404.000510,YHN613000002,2024-04-23T17:00:00.000Z,YOHANNA 6,2125,82.3,"SAHA MITRA SAMUDERA, PT",New,TANJUNG PERAK,PKK.DN.IDGRE.2404.000510,SPB.IDGRE.0424.0000609,2024-04-26 17:49:13,2024-04
PKK.LN.IDSUB.2404.000624,EB7713000015,2024-04-21T22:00:00.000Z,EVER BALMY,33266,211.9,"EVERGREEN SHIPPING AGENCY INDONESIA, PT",NOTA BATAL,TANJUNG PERAK,PKK.LN.IDSUB.2404.000624,SPB.IDSUB.0424.0000622,2024-04-22 13:54:09,2024-04
PKK.DN.IDGRE.2404.000175,13CU13000006,2024-04-06T10:00:00.000Z,ETZOMER 504,1706,56.54,PT. RANS PRIMA MARITIM,Realization,TANJUNG PERAK,PKK.DN.IDGRE.2404.000175,SPB.IDGRE.0424.0000534,2024-04-23 17:19:14,2024-04
PKK.DN.IDGRE.2404.000233,SMM813000001,2024-04-08T16:00:00.000Z,SAMUDERA MANDIRI 8,2194,82.3,"GLOBAL LOGISTIK AGENSI, PT",New,TANJUNG PERAK,PKK.DN.IDGRE.2404.000233,SPB.IDGRE.0424.0000404,2024-04-18 14:13:29,2024-04
PKK.DN.IDGRE.2403.000755,4VWY13000002,2024-03-30T04:00:00.000Z,BKT 302,3303,91.5,"PERUSAHAAN PELAYARAN NASIONAL BAHTERA SETIA, PT",New,TANJUNG PERAK,PKK.DN.IDGRE.2403.000755,SPB.IDGRE.0424.0000369,2024-04-17 14:26:18,2024-04
PKK.DN.IDGRE.2403.000191,E6LX13000001,2024-03-08T16:00:00.000Z,HNR 309,3051,91.5,"ANUGERAH TIRTA SAMUDRA, PT",New,TANJUNG PERAK,PKK.DN.IDGRE.2403.000191,SPB.IDGRE.0524.0000221,2024-05-08 17:20:40,2024-05
PKK.DN.IDSUB.2403.000431,M12813000001,2024-03-12T05:00:00.000Z,MH ADVENTURE,4734,98.5,"BANDAR BAHARI PERMAI, PT",Realization,TANJUNG PERAK,PKK.DN.IDSUB.2403.000431,SPB.IDSUB.0924.0000693,2024-09-19 11:18:07,2024-09
PKK.DN.IDGRE.2403.000282,R02713000003,2024-03-11T05:00:00.000Z,RIMAU 3027,3442,91.44,"GLOBAL LOGISTIK AGENSI, PT",New,TANJUNG PERAK,PKK.DN.IDGRE.2403.000282,SPB.IDGRE.0324.0000484,2024-03-20 21:41:24,2024-03
PKK.DN.IDGRE.2403.000108,GD0313000001,2024-03-05T11:00:00.000Z,GANDASARI 3003,3039,91.44,"GLOBAL LOGISTIK AGENSI, PT",New,TANJUNG PERAK,PKK.DN.IDGRE.2403.000108,SPB.IDGRE.0324.0000254,2024-03-09 23:31:23,2024-03
PKK.DN.IDGRE.2402.000612,RIM813000001,2024-02-27T02:00:00.000Z,RIMAU 3008,3389,87.78,"GARUDA UNGGUL NASIONAL, PT",New,TANJUNG PERAK,PKK.DN.IDGRE.2402.000612,SPB.IDGRE.0324.0000132,2024-03-05 18:51:12,2024-03
PKK.DN.IDGRE.2402.000524,PJ0313000010,2024-02-23T02:33:00.000Z,PARTA JAYA 3003,3058,91.44,"PERUSAHAAN PELAYARAN NASIONAL BAHTERA SETIA, PT",New,TANJUNG PERAK,PKK.DN.IDGRE.2402.000524,SPB.IDGRE.0324.0000052,2024-03-03 12:31:52,2024-03
PKK.DN.IDGRE.2402.000470,K41B13000001,2024-02-22T16:00:00.000Z,INTAN KELANA 20,3141,91.52,"ANUGERAH TIRTA SAMUDRA, PT",New,TANJUNG PERAK,PKK.DN.IDGRE.2402.000470,SPB.IDGRE.0324.0000033,2024-03-02 10:53:49,2024-03
PKK.DN.IDSUB.2401.000017,DT1113000004,2024-01-01T13:00:00.000Z,DAWI TANKER,801,62.2,"JAYADI SAMUDERA LINES, PT",Realization,TANJUNG PERAK,PKK.DN.IDSUB.2401.000017,SPB.IDSUB.0224.0000668,2024-02-19 22:09:07,2024-02
PKK.DN.IDSUB.2401.000017,DT1113000004,2024-01-01T13:00:00.000Z,DAWI TANKER,801,62.2,"PERTAMINA TRANS KONTINENTAL, PT",Realization,TANJUNG PERAK,PKK.DN.IDSUB.2401.000017,SPB.IDSUB.0224.0000668,2024-02-19 22:09:07,2024-02
PKK.DN.IDGRE.2401.000263,BMPR13000001,2024-01-09T16:00:00.000Z,BAHTERA MAJU PERDANA,943,65.0,"GLOBAL LOGISTIK AGENSI, PT",New,TANJUNG PERAK,PKK.DN.IDGRE.2401.000263,SPB.IDGRE.0224.0000055,2024-02-03 09:30:46,2024-02
PKK.DN.IDGRE.2401.000222,D1OR13000004,2024-01-09T07:00:00.000Z,YAN NO.1,961,70.02,TANTA BAHARI PERKASA,New,TANJUNG PERAK,PKK.DN.IDGRE.2401.000222,SPB.IDGRE.0124.0000250,2024-01-11 13:23:12,2024-01
PKK.DN.IDGRE.2401.000047,PWRT13000001,2024-01-02T11:00:00.000Z,LL 2522,1975,76.2,"GLOBAL LOGISTIK AGENSI, PT",New,TANJUNG PERAK,PKK.DN.IDGRE.2401.000047,SPB.IDGRE.0124.0000397,2024-01-17 15:32:14,2024-01
PKK.DN.IDSUB.2401.000017,DT1113000004,2024-01-01T13:00:00.000Z,DAWI TANKER,801,62.2,"JAYADI SAMUDERA LINES, PT",Realization,TANJUNG PERAK,PKK.DN.IDSUB.2401.000017,SPB.IDSUB.0224.0000668,2024-02-19 22:09:07,2024-02
